name,handle
Ada Lovelace Institute,adalovelaceinst.bsky.social
Adam Smith Institute,adamsmith.org
Bright Blue,brightblueuk.bsky.social
British Future,britishfuture.bsky.social
Carnegie UK,carnegieuk.bsky.social
Centre for Ageing Better,ageingbetter.bsky.social
Centre for Cities,centreforcities.bsky.social
Centre for European Reform,centreeuropeanref.bsky.social
Centre for London,centreforlondon.bsky.social
Centre for Policy Studies,cps.org.uk
Centre for Progressive Policy (CPP),centrepropolicy.bsky.social
Chatham House,chathamhouse.org
Common Wealth,cmmonwealth.bsky.social
Demos,demos-uk.bsky.social
E3G - Third Generation Environmentalism,e3g.bsky.social
Education Policy Institute,edupolicyinst.bsky.social
Fabian Society,thefabians.bsky.social
FFT Education Datalab,fftedudatalab.bsky.social
Foreign Policy Centre,fpcthinktank.bsky.social
Green Alliance,green-alliance.org.uk
Henry Jackson Society,hjs-org.bsky.social
Higher Education Policy Institute,hepi-news.bsky.social
Institute for Government,instituteforgovernment.org.uk
Institute for Public Policy Research,ippr.org
Institute for Strategic Dialogue,isdglobal.org
IPPR North,ipprnorth.bsky.social
IPPR Scotland,ipprscotland.bsky.social
Joseph Rowntree Foundation,jrf-uk.bsky.social
Labour Together,labourtogether.bsky.social
Learning and Work Institute,learnworkuk.bsky.social
Localis,localis.bsky.social
National Institute of Economic and Social Research,niesrorg.bsky.social
Nesta,nestauk.bsky.social
New Economics Foundation,neweconomics.bsky.social
New Local,wearenewlocal.bsky.social
Nuffield Trust,nuffieldtrust.org.uk
Power to Change,powertochange.org.uk
Re:State,re-state.bsky.social
Resolution Foundation,resfoundation.bsky.social
RUSI,rusi.bsky.social
Social Market Foundation,smfthinktank.bsky.social
The Centre for Local Economic Strategies (CLES),clesthinkdo.bsky.social
The Centre for Social Justice,csjthinktank.bsky.social
The Future Governance Forum (FGF),futuregovforum.bsky.social
The Health Foundation,healthfoundation.bsky.social
The Institute for Fiscal Studies,theifs.bsky.social
The King's Fund,thekingsfund.bsky.social
The Sutton Trust,suttontrust.bsky.social
Women's Budget Group,womensbudgetgrp.bsky.social
